No.,CAS,Name,D,P,H,Mole_vol,ims_idx,bp,mw,viscosity,vis_temp,heat_of_vap,hov_temp,SMILES,alias,synonyms,Note
1,75-07-0,Acetaldehyde,14.7,12.5,7.9,56.6,,20.8,44.05,0.21,20,25.73,20.2,O=CC,,acetic aldehyde;ethyl aldehyde,
2,64-19-7,Acetic acid,14.5,8,13.5,57.1,139;190;39,117,60.05,1.06,25,23.7,117.9,CC(=O)O,,ethanoic acid;Ethylic acid;Vinegar acid,
3,108-24-7,Acetic anhydride,16,11.7,10.2,94.5,40,139,102.09,0.84,25,38.2,139.5,CC(=O)OC(=O)C  ,,Acetyl acetate;Acetanhydride;Ethanoic anhydride,
4,67-64-1,Acetone,15.5,10.4,7,74,,56.2,58.08,0.32,20,29.1,56.05,CC(=O)C,,2-propanone,
5,75-05-8,Acetonitrile,15.3,18,6.1,52.6,139;47;136;240;190,81.6,41.05,0.35,20,29.81,80,CC#N,ACN,Methyl cyanide;Cyanomethane,
6,98-86-2,Acetophenone,19.6,8.6,3.7,117.4,243,202,120.15,1.68,-1,49,-1,CC(=O)C1=CC=CC=C1,,1-Phenylethanone;Methyl phenyl ketone;Acetylbenzene,
7,107-13-1,Acrylonitrile,16,12.8,6.8,67.1,243,77.2,53.06,0.34,25,32.6,25,C=CC#N,,2-Propenenitrile;Polyacrylonitrile;Prop-2-enenitrile,
8,107-18-6,Allyl alcohol,16.2,10.8,16.8,68.4,,96.9,58.08,1.22,25,40,97.4,C=CCO,,2-Propen-1-ol;Vinylcarbinol,
9,628-63-7,Amyl acetate,15.8,3.3,6.1,148,243,149.2,130.18,1.58,11,38.42,149.2,CCCCCOC(=O)C,,Pentyl acetate;n-Amyl acetate,
10,62-53-3,Aniline,19.4,5.1,10.2,91.5,,184,93.13,4.35,20,55.83,-1,C1=CC=C(C=C1)N,,Benzenamine;Phenylamine;Aminobenzene,
11,100-66-3,Anisole,17.8,4.1,6.7,119.1,243,155.5,108.14,0.78,30,46.84,25,COC1=CC=CC=C1,,Methoxybenzene;Methyl phenyl ether,
12,100-52-7,Benzaldehyde,19.4,7.4,5.3,101.5,,178.7,106.12,1.32,25,42.5,179,C1=CC=C(C=C1)C=O,,Benzoic aldehyde;Phenylmethanal,
13,71-43-2,Benzene,18.4,0,2,89.4,243;14;27;69;74;104;116;120;135;214;220;233,80.08,78.11,0.6,25,33.83,25,C1=CC=CC=C1,,benzol,
14,108-46-3,"1,3-Benzenediol",18,8.4,21,87.5,13;44;120,280,110.11,-1,-1,72,190,C1=CC(=CC(=C1)O)O,,resorcinol,
15,65-85-0,Benzoic acid,18.2,6.9,9.8,113.1,243,249.2,122.12,1.26,130,425,249,C1=CC=C(C=C1)C(=O)O,,Carboxybenzene,
16,100-47-0,Benzonitrile,17.4,9,3.3,102.6,,190.7,103.12,0,37.78,45.9,-1,C1=CC=C(C=C1)C#N,,Cyanobenzene;Benzenenitrile;Phenyl cyanide,
17,100-51-6,Benzyl alcohol,18.4,6.3,13.7,103.6,243,205.3,108.14,5.47,25,50.48,205.31,C1=CC=C(C=C1)CO,,phenylmethanol;benzenemethanol,
18,85-68-7,Benzyl butyl phthalate,19,11.2,3.1,306,243,370,312.4,-1,-1,-1,-1,CCCCOC(=O)C1=CC=CC=C1C(=O)OCC2=CC=CC=C2,,Sicol;Palatinol BB,
19,100-44-7,Benzyl chloride,18.8,7.1,2.6,115,243;40,174,126.58,-1,-1,50.1,25,C1=CC=C(C=C1)CCl,,Chloromethylbenzene,
20,92-52-4,Biphenyl,19.7,1,2,155.1,243,256.1,154.21,0.01,100,61.22,100,C1=CC=C(C=C1)C2=CC=CC=C2,,Phenylbenzene,
21,108-86-1,Bromobenzene,20.5,5.5,4.1,105.3,243,156.2,157.01,1.12,20,44.5,25,C1=CC=C(C=C1)Br,,Phenyl bromide;Monobromobenzene,
22,74-97-5,Bromochloromethane,17.3,5.7,3.5,65,243,68,129.38,3.3,20,30.02,68,C(Cl)Br,,,
23,75-25-2,Bromoform,21.4,4.1,6.1,87.5,243,149.2,252.73,7.4,15,39.66,149.1,C(Br)(Br)Br,,tribromomethane,
24,90-11-9,1-Bromonaphtalene,20.3,3.1,4.1,140,,-1,207.07,-1,-1,-1,-1,C1=CC=C2C(=C1)C=CC=C2B,,,
25,75-63-8,Bromotrifluoromethane,9.6,2.4,0,97,243,-57.8,148.91,0.16,25,17.61,57.8,C(F)(F)(F)Br,,Bromofluoroform;Trifluorobromomethane,
26,106-97-8,Butane,14.1,0,0,101.4,243,-0.5,58.12,75,27,22.39,-0.5,CCCC,,n-Butane;diethyl;R 600 (alkane),
27,107-88-0,"1,3-Butanediol",16.6,10,21.5,89.9,13;224;40;104,207.5,90.12,0.96,25,67.94,25,CC(CCO)O,,"Butane-1,3-diol;1,3-Butylene glycol;1,3-Dihydroxybutane",
28,71-36-3,1-Butanol,16,5.7,15.8,91.5,243,117.7,74.12,2.54,25,52.35,25,CCCCO,,butanol;n-butanol;Butyl alcohol,
29,78-92-2,2-Butanol,15.8,5.7,14.5,92,,99.5,74.12,4.21,15,49.72,25,CCC(C)O,,Butan-2-ol;sec-Butanol;,
30,123-86-4,Butyl acetate,15.8,3.7,6.3,132.5,243,126,116.16,0.69,25,36.28,116.16,CCCCOC(=O)C,,"Acetic acid, butyl ester;Butyl ethanoate",
31,105-46-4,Sec-butyl acetate,15,3.7,7.6,133.6,,112,116.16,-1,-1,35.96,-1,CCC(C)OC(=O)C,,butan-2-yl acetate;2-Butyl acetate,
32,141-32-2,Butyl acrylate,15.6,6.2,4.9,143.8,243;40,145,128.17,-1,-1,33.93,-1,CCCCOC(=O)C=C,,"n-Butyl acrylate;butyl prop-2-enoate;2-Propenoic acid, butyl ester",
33,109-73-9,Butylamine,16.2,4.5,8,99,,77,73.14,0.57,25,35.72,25,CCCCN,,butan-1-amine;N-BUTYLAMINE;1-Butanamine,
34,138-22-7,Butyl lactate,15.8,6.5,10.2,149,243,186,146.18,-1,-1,47.33,20,CCCCOC(=O)C(C)O,,Butyl 2-hydroxypropanoate;n-Butyl lactate;Butyllactate,
35,123-72-8,Butyraldehyde,15.6,10.1,6.2,90.5,44,74.8,72.11,0.45,20,33.68,25,CCCC=O,,butanal;n-butyraldehyde;Butyral,
36,107-92-6,Butyric acid,14.9,4.1,10.6,110,40,163.7,88.11,1.43,25,40.45,25,CCCC(=O)O,,butanoic acid;n-Butyric acid;n-Butanoic acid,
37,96-48-0,Gamma butyrolactone,19,16.6,7.4,76.8,,204,86.09,1.75,25,52.2,204,C1CC(=O)OC1,,4-Butyrolactone;dihydrofuran-2(3H)-one;4-Butyrolactone,
38,109-74-0,Butyronitrile,15.3,12.4,5.1,87.3,243,117.5,69.11,0.6,20,39.33,25,CCCC#N,,N-Butyronitrile;Propyl cyanide,
39,75-15-0,Carbon disulfide,20.5,0,0.6,60,2;243;116;135,46.2,76.15,-1,-1,26.8,46.2,C(=S)=S,cs2,Carbon disulphide;Carbon bisulfide;Dithiocarbonic anhydride,
40,56-23-5,Carbon tetrachloride,17.8,0,0.6,97.1,243;3;19;27;32;36;54;69;74;85;91;94;104;111;116;120;135;140;142;176;189;201;215;217,76.7,153.8,2.03,-23.15,34.5,-23.15,C(Cl)(Cl)(Cl)Cl,ccl4,Tetrachloromethane;Perchloromethane;Tetrasol,
41,108-90-7,Chlorobenzene,19,4.3,2,102.1,243,131.6,112.55,0.81,20,40.97,25,C1=CC=C(C=C1)Cl,,Monochlorobenzene;Phenyl chloride;Benzene chloride,
42,109-69-3,1-Chlorobutane,16.2,5.5,2,104.5,243,78.5,92.57,0.45,20,30.39,-1,CCCCCl,,"Butyl chloride;Butane, 1-chloro-",
43,75-45-6,Chlorodifluoromethane,12.3,6.3,5.7,72.9,243,-40.8,86.47,-1,-1,20.23,-1,C(F)(F)Cl,,Difluorochloromethane;chloro(difluoro)methane;,
44,67-66-3,Chloroform,17.8,3.1,5.7,80.7,243;14;35;48;100;120;135;235;237,61.12,119.37,0.56,20,29.62,-1,C(Cl)(Cl)Cl,CHCl3,Trichloromethane;Trichlormethan,
45,627-30-5,3-Chloro-1-propanol,17.5,5.7,14.7,84.2,,160,94.54,-1,-1,-1,-1,C(CO)CCl,,3-Chloropropan-1-ol;3-Chloropropanol,
46,108-39-4,m-cresol,18,5.1,12.9,104.7,243,202.2,108.14,12.9,25,47.4,202.27,CC1=CC(=CC=C1)O,,3-methylphenol;Metacresol,
47,110-82-7,Cyclohexane,16.8,0,0.2,108.7,152;89;243;93;5,80.7,84.16,0.98,20,29.98,80.7,C1CCCCC1,,Hexamethylene;Hexahydrobenzene;Hexanaphthene,
48,108-93-0,Cyclohexanol,17.4,4.1,13.5,106,44;243,160.8,100.16,4.6,25,62.01,25,C1CCC(CC1)O,,Cyclohexyl alcohol;Hexahydrophenol;1-Cyclohexanol,
49,108-94-1,Cyclohexanone,17.8,8.4,5.1,104,,155.4,98.14,2.2,25,45.06,25,C1CCC(=O)CC1,,Ketohexamethylene;Pimelic ketone;Sextone,
50,108-91-8,Cyclohexylamine,17.2,3.1,6.5,113.8,,134.5,99.17,2100,20,-1,-1,C1CCC(CC1)N,,Aminocyclohexane;Hexahydroaniline,
51,542-18-7,Cyclohexylchloride,17.3,5.5,2,118.6,243,142,118.6,-1,-1,-1,-1,C1CCC(CC1)Cl,,Cyclohexyl chloride;Monochlorocyclohexane,
52,493-01-6,Cis-decahydronaphthalene,18.8,0,0,156.9,243,155.5,138.25,1.79,21,41.07,-1,C1CCC2CCCCC2C1,,Decalin,
53,493-02-7,Trans-decahydronaphthalene,18,0,0,156.9,243,155.5,138.25,1.79,21,41.07,-1,C1CCC2CCCCC2C1,,Decalin,
54,124-18-5,Decane,15.7,0,0,195.9,243;40,174.1,142.28,0.84,25,39.58,174.15,CCCCCCCCCC,,"n-Decane;Nonane, methyl-;NK85062OIY",
55,112-30-1,1-Decanol,16,4.7,10,191.8,243;135,229,158.28,10.9,25,81.5,225,CCCCCCCCCCO,,Decyl alcohol;Decan-1-ol,
56,123-42-2,Diacetone alcohol,15.8,8.2,10.8,124.2,,167.9,116.16,-1,-1,49.03,-1,CC(=O)CC(C)(C)O,,4-Hydroxy-4-methylpentan-2-one;Diacetonalkohol;4-HYDROXY-4-METHYL-2-PENTANONE,
57,103-50-4,Dibenzyl ether,19.6,3.4,5.2,197.4,243,295,198.26,8.72,3.6,-1,-1,C1=CC=C(C=C1)COCC2=CC=CC=C2,,Benzyl ether;Benzyl oxide,
58,84-74-2,Dibutyl phthalate,17.8,8.6,4.1,266,243,340,278.34,20.3,20,79.2,340,CCCCOC(=O)C1=CC=CC=C1C(=O)OCCCC,,Di-n-butyl phthalate;Butyl phthalate,
59,109-43-3,Dibutyl sebacate,13.9,4.5,4.1,339,243,344.5,314.5,-1,-1,-1,-1,CCCCOC(=O)CCCCCCCCC(=O)OCCCC,,"Dibutyl decanedioate;Decanedioic acid, dibutyl ester",
60,95-50-1,o-dichlorobenzene,19.2,6.3,3.3,112.8,243,180.1,147,1.32,25,45.717,-1,C1=CC=C(C(=C1)Cl)Cl,,o-Dichlorobenzene;o-Dichlorbenzol,
61,111-44-4,"2,2-Dichlorodiethyl ether",18.8,9,5.7,117.2,243,178.5,143.01,2.07,25,47565.126,-1,C(CCl)OCCCl,,"2,2'-Dichlorodiethyl ether;2-Chloroethyl ether",
62,75-71-8,Dichlorodifluoromethane,12.3,2,0,92.3,243,-29.8,120.91,0.26,21,20.1,-29.8,C(F)(F)(Cl)Cl,,Genetron 12;Difluorodichloromethane,
63,75-34-3,"1,1-Dichloroethane",16.5,7.8,3,84.2,243,57.4,98.96,0.46,25,30.27,-1,CC(Cl)Cl,,Ethylidene chloride;,
64,75-35-4,"1,1-Dichloroethylene",16.4,52,24,79.9,243,32,96.94,0.33,20,26.48,25,C=C(Cl)Cl,,"Vinylidene chloride;1,1-Dichloroethene",
65,108-60-1,Di-(2-chloro-isopropyl) ether,19,8.2,5.1,146,243,187,171.06,2.3,20,-1,-1,CC(CCl)OC(C)CCl,,"2,2'-Dichlorodiisopropyl ether;DCIP (nematocide);Dichloroisopropyl ether",
66,75-43-4,Dichloromonofluoromethane,15.8,3.1,5.7,75.4,243,8.9,102.92,0.31,25,25.2,-1,C(F)(Cl)Cl,,Fluorodichloromethane;dichloro(fluoro)methane,
67,76-14-2,"1,2-Dichlorotetrafluoroethane",12.6,1.8,0,117.6,243,3.5,170.92,0.01,60,23.3,3.5,C(C(F)(F)Cl)(F)(F)Cl,,"Dichlorotetrafluoroethane;1,2-Dichloro-1,1,2,2-tetrafluoroethane;Cryofluorane",
68,108-82-7,Di-iso-butyl carbinol,14.9,3.1,10.8,177.8,243,176,144.25,-1,-1,-1,-1,CC(C)CC(CC(C)C)O,,"2,6-Dimethylheptan-4-ol;2,6-Dimethyl-4-heptanol;4-Heptanol, 2,6-dimethyl-",
69,111-42-2,Diethanolamine,17.2,10.8,21.2,95.9,81;13;40;136,268.8,105.14,351.9,30,-1,-1,C(CO)NCCO,,"2,2'-Iminodiethanol;Diolamine;Iminodiethanol",
70,109-89-7,Diethylamine,14.9,2.3,6.1,103.2,,55.5,73.14,0.32,25,31.31,25,CCNCC,,"N-Ethylethanamine;N,N-Diethylamine",
71,100-37-8,2-(Diethylamino) ethanol,14.9,5.8,12,133.2,,163,117.19,5,20,44.91,-1,CCN(CC)CCO,,"2-Diethylaminoethanol;N,N-Diethylethanolamine",
72,105-05-5,Para-diethy l benzene,18,0,0.6,156.9,243,183.7,134.22,3.6,27,55,27,CCC1=CC=C(C=C1)CC,,"p-Diethylbenzene;1,4-DIETHYLBENZENE",
73,105-58-8,Diethyl carbonate,15.1,6.3,3.5,121,243,126,118.13,-1,-1,-1,-1,CCOC(=O)OCC,,"Ethyl carbonate;Carbonic acid, diethyl ester",
74,111-46-6,Diethylene glycol,16.6,12,20.7,94.9,224;13;40,245.8,106.12,0.3,25,66.6,-1,C(COCCO)O,,"2,2'-Oxydiethanol;Diglycol;2,2'-Oxybisethanol",
75,124-17-4,Diethylene glycol butyl ether acetate,16,4.1,8.2,208.2,,245,204.26,5.6,20,-1,-1,CCCCOCCOCCOC(=O)C,,2-(2-Butoxyethoxy)ethyl acetate;Butoxyethoxyethyl acetate,
76,112-59-4,Diethylene glycol hexyl ether,16,6,10,204.3,,258,190.28,8.6,20,-1,-1,CCCCCCOCCOCCO,,2-(2-Hexyloxyethoxy)ethanol;Hexol carbitol;Hexyl carbitol,
77,112-34-5,Diethylene glycol monobutyl ether,16,7,10.6,170.6,,230.4,162.23,0.06,20,-1,-1,CCCCOCCOCCO,,Butyldiglycol;Butyl carbitol;2-(2-Butoxyethoxy)ethanol,
78,111-90-0,Diethylene glycol monoethyl ether,16.1,9.2,12.2,130.9,,196,134.17,3.85,25,-1,-1,CCOCCOCCO,,2-(2-Ethoxyethoxy)ethanol;CARBITOL;Transcutol,
79,111-77-3,Diethylene glycol monomethyl ether,16.2,7.8,12.6,118,,193,120.15,3.48,25,45.25,-1,COCCOCCO,,Methyl carbitol;Methoxydiglycol;2-(2-Methoxyethoxy)ethanol,
80,111-40-0,Diethylenetriamine,16.7,13.3,14.3,108,81;136,207,103.17,7.14,20,46.43,-1,C(CNCCN)N,,"Bis(2-aminoethyl)amine;2,2'-Diaminodiethylamine;",
81,60-29-7,Diethyl ether,14.5,2.9,5.1,104.8,93;69;80;104;216;233;235,34.6,74.12,0.25,20,27.85,30,CCOCC,,ether;Ethoxyethane,
82,96-22-0,Diethyl ketone,15.8,7.6,4.7,"106,4",,101.7,86.13,0.44,25,38.52,25,CCC(=O)CC,,Pentan-3-one;3-PENTANONE;Dimethylacetone,
83,84-66-2,Diethyl phthalate,17.6,9.6,4.5,198,243,295,222.24,-1,-1,89.3,-1,CCOC(=O)C1=CC=CC=C1C(=O)OCC,,Ethyl phthalate;Anozol;phthalic acid diethyl ester,
84,64-67-5,Diethyl sulfate,15.7,14.7,7.1,131.5,,209.5,154.19,1.79,20,-1,-1,CCOS(=O)(=O)OCC,,"Sulfuric acid, diethyl ester;Diethyl sulphate",
85,352-93-2,Diethyl sulfide,16.8,3.1,2,107.4,243;40,92.1,90.19,-1,-1,-1,-1,CCSCC,,Ethyl sulfide;Ethyl thioether;3-Thiapentane,
86,108-83-8,Di(isobutyl) ketone,16,3.7,4.1,177.1,243,169.4,142.24,0.9,21,39.8,-1,CC(C)CC(=O)CC(C)C,,"2,6-Dimethyl-4-heptanone;2,6-Dimethylheptan-4-one;Isovalerone",
87,111-96-6,Di(2-methoxyethyl) ether,15.7,6.1,6.5,142,,162,134.17,1.09,20,-1,-1,COCCOCCOC,,2-Methoxyethyl ether;Bis(2-methoxyethyl) ether;1-Methoxy-2-(2-methoxyethoxy)ethane,
88,127-19-5,"N,N-dimethylacetamide",16.8,11.5,10.2,92.5,,163,87.12,0.92,25,43.38,-1,CC(=O)N(C)C,DMAc,Dimethylacetamide;,
89,68-12-2,Dimethylformamide,17.4,13.7,11.3,77,139;248;244;47;136;240;190,153,73.09,0.8,25,47.6,25,CN(C)C=O,DMF,"N,N-Dimethylmethanamide;N,N-DIMETHYLFORMAMIDE",
90,57-14-7,"1,1-Di methyl hydrazine",15.3,5.9,11,76,,63.9,60.1,0.49,25,32.62,-1,CN(C)N,,"N,N-Dimethylhydrazine;Dimazine;gem-Dimethylhydrazine",
91,131-11-3,Dimethyl phthalate,18.6,10.8,4.9,163,243;40,283.7,194.18,17.2,25,75.63,-1,COC(=O)C1=CC=CC=C1C(=O)OC,,Avolin;Fermine,
92,67-71-0,Dimethyl sulfone,19,19.4,12.3,75,,237,94.14,-1,-1,-1,-1,CS(=O)(=O)C,,Methylsulfonylmethane;Methyl sulfone,
93,67-68-5,Dimethyl sulfoxide,18.4,16.4,10.2,71.3,139;81;244;47;136;240;190;106,189,78.14,2.47,20,47.3,70,CS(=O)C,DMSO,Methyl sulfoxide;Methylsulfinylmethane,
94,117-81-7,Dioctyl phthalate,16.6,7,3.1,377,243;40,384,390.6,21.56,20,-1,-1,CCCCC(CC)COC(=O)C1=CC=CC=C1C(=O)OCC(CC)CCCC,DEHP,Di(2-ethylhexyl)phthalate;Bis(2-ethylhexyl) phthalate,
95,123-91-1,"1,4-Dioxane",19,1.8,7.4,85.7,,101.2,88.11,0.01,25,34.15,101.5,C1COCCO1,,p-Dioxane;Diethylene ether,
96,142-84-7,Dipropylamine,15.3,1.4,4.1,136.9,243,109.3,101.19,0.52,25,44.04,25,CCCNCCC,,Di-n-propylamine;n-Dipropylamine,
97,25265-71-8,Dipropylene glycol,16.5,10.6,17.7,130.9,,-1,134.17,-1,-1,-1,-1,CCC(O)OC(CC)O,,1-(1-hydroxypropoxy)propan-1-ol,
98,34590-94-8,Dipropyiene glycol methyl ether,15.5,5.7,11.2,157.4,,-1,148.2,-1,-1,-1,-1,CCC(O)OCCCOC,,1-(3-methoxypropoxy)propan-1-ol,
99,112-40-3,Dodecane,16,0,0,228.6,243,216.3,170.33,-1,-1,44.09,216.3,CCCCCCCCCCCC,,Dihexyl;n-Dodecane;Bihexyl,
100,112-95-8,Eicosane,16.5,0,0,359.8,243;44,344.1,282.5,-1,-1,-1,-1,CCCCCCCCCCCCCCCCCCCC,,Icosane;n-icosane,
101,106-89-8,Epichlorohydrin,18.9,7.6,6.6,78.4,,117.9,92.52,1.03,25,37.9,-1,C1C(O1)CCl,,"2-(Chloromethyl)oxirane;1-Chloro-2,3-epoxypropane",
102,75-08-1,Ethanethiol,15.7,6.5,7.1,74.3,243,35.1,62.14,0.32,20,28.15,-1,CCS,,Mercaptoethane;Ethyl sulfhydrate,
103,64-17-5,Ethanol,15.8,8.8,19.4,58.5,105;130;137;146;184;214,78.2,46.07,1.07,25,42.32,25,CCO,,ethyl alcohol;grain alcohol,
104,141-43-5,Ethanolamine,17,15.5,21.2,59.8,27;13;81;40;136;139,171,61.08,18.95,25,49.83,171,C(CO)N,,2-aminoethanol;monoethanolamine;colamine,
105,141-78-6,Ethyl acetate,15.8,5.3,7.2,98.5,243;103;135,77.1,88.11,0.42,25,35.6,25,CCOC(=O)C,EA,Ethyl ethanoate;Acetic acid ethyl ester;Acetoxyethane,
106,140-88-5,Ethyl acrylate,15.5,7.1,5.5,108.8,93;243,99.4,100.12,-1,-1,34.6,-1,CCOC(=O)C=C,,Acrylic acid ethyl ester;ethyl prop-2-enoate;Ethyl propenoate,
107,106-68-3,Ethyl amyl ketone,16.2,4.5,4.1,156,243,167.5,128.21,-1,-1,-1,-1,CCCCCC(=O)CC,,3-Octanone;Ethyl pentyl ketone;Octan-3-one,
108,100-41-4,Ethylbenzene,17.8,0.6,1.4,123.1,243;120,136.2,106.16,0.64,25,35.57,136.16,CCC1=CC=CC=C1,,Phenylethane;Ethylbenzol,
109,74-96-4,Ethyl bromide,16.5,8.4,2.3,74.6,243,38.2,108.97,0.38,25,33.38,-118.45,CCBr,,Bromoethane,
110,97-95-0,2-Ethyl-1-butanol,15.8,4.3,13.5,123.2,243,146.27,102.17,-1,-1,-1,-1,CCC(CC)CO,,2-Ethylbutan-1-ol;2-Ethylbutanol,
111,106-35-4,Ethyl butyl ketone,16.2,5,4.1,139,243;40,147,114.19,0.84,20,36.61,-1,CCCCC(=O)CC,,3-Heptanone;Heptan-3-one;n-Butyl ethyl ketone,
112,75-00-3,Ethyl chloride,15.7,6.1,2.9,70,243,12.3,64.51,0.28,10,26.4,-1,CCCl,,Chloroethane;Chlorene,
113,541-41-3,Ethyl chloroformate,15.5,10,6.7,95.6,243,95,108.52,-1,-1,58.84,95,CCOC(=O)Cl,,Ethyl carbonochloridate;Ethyl chlorocarbonate;Cathyl chloride,
114,103-36-6,Ethyl cinnamate,18.4,8.2,4.1,166.8,243,-1,176.21,-1,-1,-1,-1,CCOC(=O)C=CC1=CC=CC=C1,,Cinnamic acid ethyl ester;Ethyl 3-phenylacrylate,
115,96-49-1,Ethylene carbonate,19.4,21.7,5.1,66,,248,88.06,-1,-1,-1,-1,C1COC(=O)O1,,"Glycol carbonate;Ethylene glycol carbonate;1,3-DIOXOLAN-2-ONE",
116,109-78-4,Ethylene cyanohydrin,17.2,18.8,17.6,68.3,13;40;39;174,221,71.08,-1,-1,-1,-1,C(CO)C#N,,3-Hydroxypropanenitrile;Hydracrylonitrile;3-Hydroxypropionitrile,
117,107-15-3,Ethylenediamine,16.6,8.8,17,67.3,,116,60.1,0.02,25,43.98,-1,C(CN)N,,"Ethane-1,2-diamine;1,2-Ethanediamine;1,2-Diaminoethane",
118,106-93-4,Ethylene dibromide,19.2,3.5,8.6,87,243,131.3,187.86,1.73,20,35.84,-1,C(CBr)Br,,"1,2-Dibromoethane;sym-Dibromoethane",
119,107-06-2,Ethylene dichloride,19,7.4,4.1,79.4,243,83.5,98.96,0.84,20,31.64,-1,C(CCl)Cl,,"1,2-dichloroethane;Ethylene chloride",
120,107-21-1,Ethylene glycol,17,11,26,55.8,13;14;40;44;224;108;244;245;161,197.3,62.07,16.1,20,50.5,-1,C(CO)O,,"1,2-ethanediol;glycol;Ethane-1,2-diol",
121,112-07-2,Ethylene glycol butyl ether acetate,15.3,4.5,8.8,171.2,,192,160.21,-1,-1,-1,-1,CCCCOCCOC(=O)C,,2-Butoxyethyl acetate;Butoxyethyl acetate;Butyl glycol acetate,
122,111-76-2,Ethylene glycol monobutyl ether,16,5.1,12.3,131.6,,168.4,118.17,2.83,25,56.59,25,CCCCOCCO,,Butyl glycol;Butyl cellosolve;2-Butoxyethanol,
123,109-86-4,Ethylene glycol monoethyl ether,16.2,9.2,14.3,97.8,,124.1,76.09,-1,-1,37.54,124.1,COCCO,,2-METHOXYETHANOL;Methyl cellosolve,
124,111-15-9,Ethylene glycol monoethyl ether acetate,15.9,4.7,10.6,136.1,,156.4,132.16,1.32,20,40.92,-1,CCOCCOC(=O)C,,2-Ethoxyethyl acetate;Cellosolve acetate;Oxitol acetate,
125,128-37-0,Ethylene glycol monomethyl ether,16.2,9.2,16.4,79.1,243;204,265,220.35,-1,-1,-1,-1,CC1=CC(=C(C(=C1)C(C)(C)C)O)C(C)(C)C,,"2,6-Di-tert-butyl-4-methylphenol;Butylated hydroxytoluene;2,6-Di-tert-butyl-p-cresol",
126,110-49-6,Ethylene glycol monomethyl ether acetate,15.9,5.5,11.6,121.6,,145,118.13,1.1,25,183.7,145,CC(=O)OCCOC,,2-Methoxyethyl acetate;2-Methoxyethanol acetate;Methyl glycol acetate,
127,109-94-4,Ethyl formate,15.5,8.4,8.4,80.2,135,54.5,74.08,-1,-1,30.37,-1,CCOC=O,,"Formic acid, ethyl ester;Areginal;Ethyl methanoate",
128,104-76-7,2-Ethyl hexanol,15.9,3.3,11.8,156.6,243,184.34,130.23,9.8,20,45.19,184.34,CCCCC(CC)CO,,2-Ethylhexan-1-ol,
129,97-64-3,Ethyl lactate,16,7.6,12.5,115,,154,118.13,-1,-1,46.4,154,CCOC(=O)C(C)O,,Solactol;Actylol;Ethyl 2-hydroxypropanoate,
130,75-12-7,Formamide,17.2,26.2,19,39.8,103,210.5,45.041,-1,-1,64.98,-1,C(=O)N,,Methanamide;carbamaldehyde;Formimidic acid,
131,64-18-6,Formic acid,14.3,11.9,16.6,37.8,,101,46.025,1.61,25,20.1,25,C(=O)O,,Methanoic acid;Formylic acid;Aminic acid,
132,110-00-9,Furan,17.8,1.8,5.3,72.5,,31.5,68.07,0.38,20,27.2,31.2,C1=COC=C1,,Divinylene oxide;Furfuran;Tetrole,
133,98-01-1,Furfural,18.6,14.9,5.1,83.2,,161.7,96.08,1.59,25,38.6,-1,C1=COC(=C1)C=O,,2-Furaldehyde;furan-2-carbaldehyde;2-Furancarboxaldehyde,
134,98-00-0,Furfuryl alcohol,17.4,7.6,15.1,86.5,,171,98.1,4.62,25,53.6,171,C1=COC(=C1)CO,,2-Furanmethanol;furan-2-ylmethanol;2-Furylmethanol,
135,56-81-5,Glycerol,17.4,12.1,29.3,73.3,55;105;127;13;44;40;39;141;186,290,92.09,954,25,61.65,-1,C(C(CO)O)O,,"glycerin;Glycerine;1,2,3-Propanetriol",
136,142-82-5,Heptane,15.3,0,0,147.4,152;89;243;93;5;69;80;104;233;236,98.38,100.2,-1,-1,36.57,25,CCCCCCC,,n-Heptane;Heptyl hydride,
137,544-76-3,Hexadecane,16.3,0,0,294.1,243;103,286.9,226.44,3.47,20,81.35,20,CCCCCCCCCCCCCCCC,,Cetane;n-Hexadecane,
138,680-31-9,Hexamethylphosphoramide,18.5,8.6,11.3,175.7,,233,179.2,-1,-1,-1,-1,CN(C)P(=O)(N(C)C)N(C)C,HMPA,Hexametapol;Hexamethylphosphoric triamide,
139,110-54-3,Hexane,14.9,0,0,131.6,89;2;93;5;152;243;104,68.73,86.18,0.33,20,31.56,25,CCCCCC,,Esani;Skellysolve B,
140,107-41-5,Hexylene glycol,15.7,8.4,17.8,123,40,198,118.17,34,20,13.7,198,CC(CC(C)(C)O)O,,"2-Methylpentane-2,4-diol;Diolane",
141,123-92-2,Isoamyl acetate,15.3,3.1,7,148.8,243;135,142,130.8,0.87,19.91,43.91,-1,CC(C)CCOC(=O)C,,3-Methylbutyl acetate;Isopentyl acetate;Isopentyl ethanoate,
142,110-19-0,Isobutyl acetate,15.1,3.7,6.3,133.5,243;40,116.5,116.16,0.68,25,35.9,116.5,CC(C)COC(=O)C,,"2-Methylpropyl acetate;Isobutyl ethanoate;Acetic acid, 2-methylpropyl ester",
143,78-83-1,Isobutyl alcohol,15.1,5.7,15.9,92.8,,108,74.12,4,20,45.76,-1,CC(C)CO,,Isobutanol;2-Methylpropan-1-ol;2-Methyl-1-propanol,
144,97-85-8,Isobutyl isobutyrate,15.1,2.9,5.9,163,243,148.6,144.21,-1,-1,-1,-1,CC(C)COC(=O)C(C)C,,2-Methylpropyl 2-methylpropanoate;Isobutyl isobutanoate;Isobutyl 2-methylpropanoate,
145,1653-40-3,Isooctyl alcohol,14.4,7.3,12.9,156.6,243,188,130.23,10.6,15,41.96,-1,CC(C)CCCCCO,,6-METHYLHEPTAN-1-OL;6-METHYL-1-HEPTANOL,
146,78-78-4,Isopentane,13.7,0,0,117.4,243;103,27.83,72.15,0.21,20,26.43,25,CCC(C)C,,2-Methylbutane;Isoamylhydride,
147,78-59-1,Isophorone,16.6,8.2,7.4,150.5,243,215.32,138.21,2.62,20,43.4,-1,CC1=CC(=O)CC(C1)(C)C,,"Isoacetophorone;3,5,5-Trimethylcyclohex-2-en-1-one",
148,142-91-6,Isopropyl palmitate,14.3,3.9,3.7,330,243,342,298.5,-1,-1,-1,-1,CCCCCCCCCCCCCCCC(=O)OC(C)C,,"Isopalm;Hexadecanoic acid, 1-methylethyl ester;Isopropyl hexadecanoate",
149,108-67-8,Mesitylene,18,0,0.6,139.8,243,164.7,120.19,-1,-1,5193,25,CC1=CC(=CC(=C1)C)C,,"1,3,5-Trimethylbenzene;sym-Trimethylbenzene",
150,141-79-7,Mesityl oxide,16.4,6.1,6.1,115.6,243,130,98.14,0.01,20,35.72,-1,CC(=CC(=O)C)C,,"4-Methyl-3-penten-2-one;3-Penten-2-one, 4-methyl-;4-Methylpent-3-en-2-one",
151,126-98-7,Methacrylonitrile,15.8,15.1,5.4,83.9,243,90.3,67.09,0.39,20,31.8,90.3,CC(=C)C#N,,Isopropene cyanide;Isopropenylnitrile;2-Methylacrylonitrile,
152,67-56-1,Methanol,15.1,12.3,22.3,40.7,47;136;139;240;190,64.7,32.042,0.54,25,37.34,25,CO,,carbinol;methyl alcohol;wood alcohol,
153,90-05-1,o-Methoxyphenol,18,8.2,13.3,109.5,243,203,124.14,-1,-1,-1,-1,COC1=CC=CC=C1O,,2-Methoxyphenol;guaiacol;2-Hydroxyanisole,
154,79-20-9,Methyl acetate,15.5,7.2,7.6,79.7,,56.7,74.08,0.36,25,32.29,25,CC(=O)OC,,"Methyl ethanoate;Tereton;Acetic acid, methyl ester",
155,96-33-3,Methyl acrylate,15.3,6.7,9.4,90.3,243,80.1,86.09,0.52,15,34.52,-1,COC(=O)C=C,,Methyl prop-2-enoate;Acrylic acid methyl ester,
156,109-87-5,Methylal,15,1.8,8.6,169.4,,41.6,76.09,-1,-1,28.59,-1,COCOC,,"Formal;Dimethoxymethane;Methane, dimethoxy-",
157,108-84-9,Methyl amyl acetate,15.2,3.1,6.8,167.4,243,147.5,144.21,0.93,20,75.42,-1,CC(C)CC(C)OC(=O)C,,"Methylisoamyl acetate;4-Methyl-2-amyl acetate;1,3-Dimethylbutyl acetate",
158,591-78-6,Methyl butyl ketone,15.3,6.1,4.1,123.6,243,127.2,100.16,0.62,20,36.05,-1,CCCCC(=O)C,,Hexanone;Hexan-2-one;2-HEXANONE,
159,74-87-3,Methyl chloride,15.3,6.1,3.9,55.4,243,-23.7,50.49,0.32,-20,21.4,-23.7,CCl,,Chloromethane;Monochloromethane,
160,108-87-2,Methylcyclohexane,16,0,1,128.3,243,100.9,98.19,-1,-1,31.27,100.9,CC1CCCCC1,MCH,Hexahydrotoluene;Cyclohexylmethane,
161,75-09-2,Methylene dichloride,18.2,6.3,6.1,63.9,120;243,39.75,84.93,0.44,20,28.06,39.75,C(Cl)Cl,DCM,"DICHLOROMETHANE;Methane, dichloro-",
162,75-11-6,Methylene diiodide,17.8,3.9,5.5,80.5,,-1,267.835,-1,-1,-1,-1,C(I)I,,Methylene iodide;DIIODOMETHANE,
163,78-93-3,Methyl ethyl ketone,16,9,5.1,90.1,,79.59,72.11,0.4,25,31.3,79.59,CCC(=O)C,,Butan-2-one;2-Butanone;Butanone,
164,110-12-3,Methyl isoamyl ketone,16,5.7,4.1,142.8,243,144,114.19,0.77,20,38.43,-1,CC(C)CCC(=O)C,,5-METHYL-2-HEXANONE;5-Methylhexan-2-one,
165,108-11-2,Methyl isobutyl carbinol,15.4,3.3,12.3,127.2,243,133,102.17,-1,-1,-1,-1,CC(C)CC(C)O,,4-Methylpentan-2-ol;Isobutylmethylcarbinol;4-METHYL-2-PENTANOL,
166,108-10-1,Methyl isobutyl ketone,15.3,6.1,4.1,125.8,243,115.7,100.16,-1,-1,40.61,25,CC(C)CC(=O)C,,4-Methyl-2-pentanone;4-Methylpentan-2-one;Isopropylacetone,
167,80-62-6,Methyl methacrylate,15.8,6.5,54,106.1,243,100.5,100.12,-1,-1,36,100.5,CC(=C)C(=O)OC,,methyl 2-methylprop-2-enoate;Methacrylic acid methyl ester,
168,90-12-0,1-Methylnaphthalene,20.6,0.8,4.7,138.8,243,244,142.2,-1,-1,36,100.5,CC1=CC=CC2=CC=CC=C12,,alpha-Methylnaphthalene,
169,112-62-9,Methyl oleate,14.5,3.9,3.7,340,243,218.5,296.5,4.88,30,84.3,-1,CCCCCCCCC=CCCCCCCCC(=O)OC,,Oleic acid methyl ester,
170,000-78-83-1,2-Methyl-1-propanol(repeated),15.1,5.7,15.9,92.8,,108,74.12,4,20,45.76,-1,CC(C)CO,,Isobutanol;2-Methylpropan-1-ol;2-Methyl-1-propanol,
171,872-50-4,Methyl-2-pyrrolidone,18,12.3,7.2,96.5,,202,99.13,1.65,25,52.83,-1,CN1CCCC1=O,,N-Methylpyrrolidone;N-Methyl-2-pyrrolidone;1-methylpyrrolidin-2-one,
172,119-36-8,Methyl salicylate,18.1,8,13.9,129.6,243,220,152.15,-1,-1,46.7,220,COC(=O)C1=CC=CC=C1O,,Methyl 2-hydroxybenzoate;Wintergreen oil;Gaultheria oil,
173,110-91-8,Morpholine,18.8,4.9,9.2,87.1,,128,87.12,2.23,20,37.03,128,C1COCCN1,,"Diethylene oximide;Tetrahydro-1,4-oxazine;1-Oxa-4-azacyclohexane",
174,64742-95-6,"Naphtha,high-flash",17.9,0.7,1.8,181.8,116,-1,-1,-1,-1,-1,-1,-1,,,
175,91-20-3,Naphthalene,19.2,2,5.9,111.5,243,217.9,128.17,0.75,20,32.384,-1,C1=CC=C2C=CC=CC2=C1,,Naphthalin;Tar camphor;White tar,
176,98-95-3,Nitrobenzene,20,8.6,4.1,102.7,243;40,210.8,123.11,1.86,25,55.01,25,C1=CC=C(C=C1)[N+](=O)[O-],,Nitrobenzol;Oil of mirbane,
177,79-24-3,Nitroethane,16,15.5,4.5,71.5,243,114.1,75.07,0.66,25,38,114.1,CC[N+](=O)[O-],,1-Nitroethane;Nitroetan,
178,75-52-5,Nitromethane,15.8,18.8,5.1,54.3,,101.1,61.04,0.61,25,34.3,101.1,C[N+](=O)[O-],,Nitrocarbol;Nitrometan,
179,108-03-2,1-Nitropropane,16.6,12.3,5.5,88.4,243,131.2,89.09,0.79,25,43.42,25,CCC[N+](=O)[O-],,"Nitropropane;Propane, 1-nitro-",
180,79-46-9,2-Nitropropane,16.2,12.1,4.1,86.9,243,120.2,89.09,0.72,25,41.3,25,CC(C)[N+](=O)[O-],,Isonitropropane;Dimethylnitromethane,
181,111-84-2,Nonane,15.7,0,0,179.7,243,150.47,128.25,0.67,25,46.4,25,CCCCCCCCC,,Shellsol 140;Nonyl hydride,
182,104-40-5,Nonyl phenol,16.5,4.1,9.2,231,243,317,220.35,563,20,-1,-1,CCCCCCCCCC1=CC=C(C=C1)O,,4-n-Nonylphenol;p-Nonylphenol;4-nonylphenol,
183,27986-36-3,Nonyl phenoxy ethanol,16.7,10.2,8.4,275,,-1,264.4,-1,-1,-1,-1,CCCCCCCCCC1=CC=CC=C1OCCO,,2-(2-nonylphenoxy)ethanol,
184,111-65-9,Octane,15.5,0,0,163.5,243;103,125.62,114.23,0.52,25,41.49,25,CCCCCCCC,,Oktan;Oktanen,
185,124-07-2,Octanoic acid,15.1,3.3,8.2,159,243,239,144.21,5.74,-1,-1,-1,CCCCCCCC(=O)O,,caprylic acid;n-octanoic acid;Octylic acid,
186,111-87-5,1-Octanol,16,5,11.9,157.7,243;135,194.7,130.23,7.29,25,70.98,25,CCCCCCCCO,,octanol;N-octanol,
187,123-96-6,2-Octanol,16.1,4.9,11,159.1,243,179,130.23,-1,-1,44.4,179.3,CCCCCCC(C)O,,Octan-2-ol;Hexylmethylcarbinol,
188,112-80-1,Oleic acid,16,28,6.2,317,243,286,282.5,25.6,30,67.298,286,CCCCCCCCC=CCCCCCCCC(=O)O,,oleate;(Z)-Octadec-9-enoic acid;cis-9-Octadecenoic acid,
189,143-28-2,Oleyl alcohol,16,2.6,8,316,243;40,305,268.5,-1,-1,-1,-1,CCCCCCCCC=CCCCCCCCCO,,Ocenol;cis-9-Octadecen-1-ol;(Z)-octadec-9-en-1-ol,
190,109-66-0,Pentane,14.5,0,0,116.2,2;152;89;243;93;5,36.06,72.15,0.22,25,26.43,25,CCCCC,,Skellysolve A,
191,123-54-6,"2,4-Pentanedione",17.1,9,4.1,103.1,,138,100.12,0.6,20,36.55,-1,CC(=O)CC(=O)C,,"Pentane-2,4-dione;Acetylacetone",
192,71-41-0,1-Pentanol,15.9,5.9,13.9,108.6,,137.5,88.15,4.07,20,44.83,-1,CCCCCO,,Amyl alcohol;N-Amyl alcohol,
193,306-98-9,Perfluoro(dimethylcyclohexane),12.4,0,0,217.4,,-1,400.06,-1,-1,-1,-1,C1(C(C(C(C(C1(F)F)(F)F)(F)F)(F)F)(C(F)(F)F)F)(C(F)(F)F)F,,"Perfluoro-1,2-dimethylcyclohexane;1,1,2,2,3,3,4,4,5,6-Decafluoro-5,6-bis(trifluoromethyl)cyclohexane;Cyclohexane, 1,1,2,2,3,3,4,4,5,6-decafluoro-5,6-bis(trifluoromethyl)-;EINECS 206-195-0",
194,335-57-9,Perfluoroheptane,12,0,0,227.3,,-1,388.05,-1,-1,-1,-1,C(C(C(C(F)(F)F)(F)F)(F)F)(C(C(C(F)(F)F)(F)F)(F)F)(F)F,,Hexadecafluoroheptane;Perfluoro-n-heptane,
195,355-02-2,Perfluoromethylcyclohexane,12.4,0,0,196,,-1,350.05,-1,-1,-1,-1,C1(C(C(C(C(C1(F)F)(F)F)(F)F)(F)F)(F)F)(C(F)(F)F)F,,Flutec PP2;Undecafluoro(trifluoromethyl)cyclohexane,
196,108-95-2,Phenol,18,5.9,14.9,87.5,,182,94.11,3.44,50,57.82,25,C1=CC=C(C=C1)O,,carbolic acid;Phenic acid;Hydroxybenzene,
197,748-30-1,Bis-(m-phenoxyphenyl) ether,19.6,3.1,5.1,373,,-1,354.4,-1,-1,-1,-1,C1=CC=C(C=C1)OC2=CC(=CC=C2)OC3=CC=CC(=C3)OC4=CC=CC=C4,,"Ether, bis(m-phenoxyphenyl);Benzene, 1,1'-oxybis[3-phenoxy-",
198,71-23-8,1-Propanol,16,6.8,17.4,75.2,,97.2,60.1,2.26,20,47.45,20,CCCO,,n-propanol;Propyl alcohol,
199,67-63-0,2-Propanol,15.8,6.1,16.4,76.8,,82.3,60.1,2.04,25,45.39,25,CC(C)O,IPA,Propan-2-ol;isopropanol,
200,107-12-0,Propionitrile,15.3,14.3,5.5,70.9,,97.2,55.08,0.39,30,36.03,22.83,CCC#N,,Ethyl cyanide,
201,107-10-8,Propylamine,16.9,4.9,8.6,83,40,49,59.11,-1,-1,31.27,25,CCCN,,Propan-1-amine;1-Propanamine,
202,540-54-5,Propyl chloride,16,7.8,2,88.1,243,46.6,78.54,-1,-1,28.47,25,CCCCl,,1-CHLOROPROPANE;N-Propyl chloride,
203,108-32-7,Propylene carbonate,20,18,4.1,85,,241.6,102.09,-1,-1,-1,-1,CC1COC(=O)O1,,"4-Methyl-1,3-dioxolan-2-one;1,2-Propanediol cyclic carbonate",
204,57-55-6,Propylene glycol,16.8,9.4,23.3,73.6,125,187.6,76.09,0.58,20,53.62,187.6,CC(CO)O,,"propane-1,2-diol;1,2-propanediol",
205,9003-13-8,Propylene glycol monobutyl ether,15.3,4.5,9.2,132,243,230,190.28,19.46,20,-1,-1,CCCCOCC(C)OCC(C)O,,"2-Propanol, 1-(2-butoxy-1-methylethoxy)-;1-(2-Butoxy-1-methylethoxy)propan-2-ol;1-((1-Butoxypropan-2-yl)oxy)propan-2-ol",
206,1569-02-4,Propylene glycol monoethyl ether,15.7,6.5,10.5,115.6,,133,104.15,2.08,20,-1,-1,CCOCC(C)O,,1-Ethoxy-2-propanol;1-Ethoxypropan-2-ol,
207,23436-19-3,Propylene glycol monoisobutyl ether,15.1,4.7,9.8,132.2,,-1,132.2,-1,-1,-1,-1,CC(C)COCC(C)O,,1-Isobutoxypropan-2-ol;1-(2-methylpropoxy)propan-2-ol;Dowanol pib-T,
208,107-98-2,Propylene glycol monomethyl ether,15.6,6.3,11.6,93.8,,120,90.12,1.81,20,46.2,20,CC(COC)O,PGME,1-Methoxypropan-2-ol;1-Methoxy-2-propanol;Methoxyisopropanol,
209,122-99-6,Propylene glycol monophenyl ether,17.4,5.3,11.5,143.2,,245.2,138.16,20.91,25,-1,-1,C1=CC=C(C=C1)OCCO,,2-PHENOXYETHANOL;Phenyl cellosolve,
210,1569-01-3,Propylene glycol monopropyl ether,15.8,7,9.2,130.3,,150.2,118.17,-1,-1,-1,-1,CCCOCC(C)O,,1-Propoxypropan-2-ol;PROPASOL Solvent P,
211,110-86-1,Pyridine,19,8.8,5.9,80.9,,115.2,79.1,-1,-1,-1,-1,C1=CC=NC=C1,,Azabenzene;Azine;Pyridin,
212,616-45-5,2-Pyrolidone,19.4,17.4,11.3,76.4,,245,85.1,13.3,25,56.67,-1,C1CC(=O)NC1,,Pyrrolidone;pyrrolidin-2-one,
213,91-22-5,Quinoline,19.4,5.6,5.7,118,243,237.7,129.16,3,30,-1,-1,C1=CC=C2C(=C1)C=CC=N2,,Chinoleine;1-Azanaphthalene;1-Benzazine,
214,57-11-4,Stearic acid,16.3,3.3,5.5,326,243;103;13,383,284.5,9.87,70,-1,-1,CCCCCCCCCCCCCCCCCC(=O)O,,Octadecanoic acid;Stearophanic acid,
215,100-42-5,Styrene,18.6,1,4.1,115.6,243;40,145.3,104.15,0.7,25,43.89,25,C=CC1=CC=CC=C1,,Ethenylbenzene;Vinylbenzene;Phenylethylene,
216,108-30-5,Succinic anhydride,18.6,19.2,16.6,66.8,243;81,261,100.07,-1,-1,-1,-1,C1CC(=O)OC1=O,,"oxolane-2,5-dione;dihydrofuran-2,5-dione",
217,79-27-6,"1,1,2,2-Tetrabromoethane",22.6,5.1,8.2,116.8,243;40,243.5,345.65,-1,-1,48.7,243.5,C(C(Br)Br)(Br)Br,,Muthmann's liquid;Acetylene tetrabromide,
218,79-34-5,"1,1,2,2-Tetrachloroethane",18.8,5.1,9.4,105.2,243,146,167.8,1.77,20,45.71,25,C(C(Cl)Cl)(Cl)Cl,,Acetylene tetrachloride;s-Tetrachloroethane,
219,127-18-4,Tetrachloroethylene,18.3,5.7,0,101.2,243,121.2,165.8,0.84,25,34.72,-1,C(=C(Cl)Cl)(Cl)Cl,,Perchloroethylene,
220,78-10-4,Tetraethylorthosilicate,13.9,4.3,0.6,224,243;13,168.8,208.33,0.6,25,-1,-1,CCO[Si](OCC)(OCC)OCC,TEOS,Tetraethoxysilane,react with water
221,109-99-9,Tetrahydrofuran,16.8,5.7,8,81.7,,65,72.11,0.53,20,29.57,-1,C1CCOC1,THF,Oxolane;Furanidine,
222,119-64-2,Tetrahydronaphthalene,19.6,2,2.9,136,243,207.6,132.2,2.01,25,42.27,-1,C1CCC2=CC=CC=C2C1,,"Benzocyclohexane;1,2,3,4-Tetrahydronaphthalene;TETRALIN",
223,632-22-4,Tetramethylurea,16.7,8.2,11,120.4,,176.5,116.16,-1,-1,-1,-1,CN(C)C(=O)N(C)C,,"Temur;1,1,3,3-Tetramethylurea",
224,108-88-3,Toluene,18,1.4,2,106.8,243;27;74;120,110.6,92.14,0.56,25,38.01,25,CC1=CC=CC=C1,,methylbenzene;Phenylmethane,
225,126-73-8,Tributyl phosphate,16.3,6.3,4.3,345,243,289,266.31,3.39,25,61.34,289,CCCCOP(=O)(OCCCC)OCCCC,,Phosphoric acid tributyl ester;Tri-n-butyl phosphate,
226,35693-92-6,Trichlorobiphenyl,19.2,5.3,4.1,187,,-1,257.5,-1,-1,-1,-1,C1=CC=C(C=C1)C2=C(C=C(C=C2Cl)Cl)Cl,,"2,4,6-TRICHLOROBIPHENYL;1,3,5-trichloro-2-phenylbenzene",
227,71-55-6,"1,1,1-Trichloroethane",16.8,4.3,2,99.3,243,74,133.4,0.86,20,32.5,25,CC(Cl)(Cl)Cl,,Methylchloroform;Chlorothene,
228,79-01-6,Trichloroethylene,18,3.1,5.3,90.2,243;244,87.2,131.38,0.55,25,31.4,87.2,C(=C(Cl)Cl)Cl,,"1,1,2-Trichloroethene",
229,75-69-4,Trichlorofluoromethane,15.3,2,0,92.8,243,23.7,137.36,0.43,20,25.1,23.7,C(F)(Cl)(Cl)Cl,,,
230,76-13-1,"1,1,2-Trichlorotrifluoroethane",14.7,1.6,0,119.2,243,47.7,187.37,0.5,48.9,28.04,25,C(C(F)(Cl)Cl)(F)(F)Cl,,"Fluorocarbon 113;CFC-113;1,1,2-Trichloro-1,2,2-trifluoroethane",
231,1330-78-5,Tricresyl phosphate,19,12.3,4.5,316,243,224,368.4,-1,-1,-1,-1,CC1=CC=C(C=C1)OP(=O)(OC2=CC=C(C=C2)C)OC3=CC=C(C=C3)C,,Tri-p-tolyl phosphate;Tris(4-methylphenyl) phosphate,
232,112-70-9,Tridecyl alcohol,16.2,3.1,9,242,243,273,200.36,-1,-1,53.6,-1,CCCCCCCCCCCCCO,,Tridecanol;Tridecan-1-ol,
233,102-71-6,Triethanolamine,17.3,22.4,23.3,133.2,81;13;136,335.4,149.19,590.5,25,67.41,335.4,C(CO)N(CCO)CCO,,"Trolamine;Sterolamide;2,2',2''-Nitrilotriethanol",
234,121-44-8,Triethylamine,17.8,0.4,1,138.6,,88.8,101.19,0.35,25,34.84,25,CCN(CC)CC,,"(Diethylamino)ethane;N,N-Diethylethanamine",
235,112-27-6,Triethyleneglycol,16,12.5,18.6,114,81;44,285,150.17,47.8,20,61.04,-1,C(COCCOCCO)O,,"Triglycol;2,2'-(Ethane-1,2-diylbis(oxy))diethanol",
236,112-35-6,Triethylene glycol monooleyl ether,16,3.1,8.4,418.5,136,249,164.2,7.35,25,-1,-1,COCCOCCOCCO,,Methyltrioxitol;m-PEG3-alcohol;2-(2-(2-Methoxyethoxy)ethoxy)ethanol,
237,78-40-0,Triethylphosphate,16.7,11.4,9.2,171,44,215.5,182.15,1.56,25,-1,-1,CCOP(=O)(OCC)OCC,,"Phosphoric acid, triethyl ester",
238,76-05-1,Trifluoroacetic acid,15.6,9.9,11.6,74.2,,72.4,114.02,-1,-1,-1,-1,C(=O)(C(F)(F)F)O,,Trifluoroethanoic acid;Perfluoroacetic acid,
239,95-63-6,Trimethylbenzene,18,1,1,137.3,243,168.89,120.19,-1,-1,39.2,168.89,CC1=CC(=C(C=C1)C)C,,"Pseudocumol;Psi-cumene;1,2,4-TRIMETHYLBENZENE",
240,540-84-1,"2,2,2,4-Trimethylpentane",14.1,0,0,166.1,152;89;243;93;5,99.24,114.23,-1,-1,-1,-1,CC(C)CC(C)(C)C,isooctane,Isobutyltrimethylmethane,
241,77-68-9,"2,2,4-Trimethyl-1,3-pentanediol monoisobutyrate",15.1,6.1,9.8,227.4,243,255,216.32,-1,-1,-1,-1,CC(C)C(C(C)(C)COC(=O)C(C)C)O,,"Texanol;3-Hydroxy-2,2,4-trimethylpentyl isobutyrate",
242,512-56-1,Trimethyl phosphate,16.7,15.9,10.2,115.8,,197.2,140.07,-1,-1,-1,-1,COP(=O)(OC)OC,,"Phosphoric acid, trimethyl ester;Trimethyl orthophosphate",
243,7732-18-5,Water,15.5,16,42.3,18,28;105;63;249;30;248;44;228;224;244;13;40;47;136;139;240;190;6;9;11;15;17;18;20;21;22;23;25;26;32;34;38;39;41;42;43;46;48;51;52;53;54;55;57;58;59;60;61;62;64;65;66;67;68;72;73;83;85;86;91;94;96;99;100;102;106;107;108;109;110;111;112;113;114;118;119;125;128;137;141;142;144;145;146;147;148;149;150;151;153;155;157;158;159;160;161;164;165;166;167;168;169;172;175;176;177;179;180;181;182;184;185;186;187;188;189;202;205;213;214;215;216;217;218;219;220;222;225;227;229;230;231;232;239;241;245,100,18.015,0.89,25,40.62,-1,O,h2o,,
244,1330-20-7,m-Xylene,17.6,1,3.1,123.3,228;89;243;93;120,139.1,106.16,0.58,25,35.66,139.07,CC1=CC(=CC=C1)C,,"1,3-Dimethylbenzene;1,3-Dimethylbenzene",
245,95-47-6,o-xylene,17.8,1,3.1,121.2,120;243,144.5,106.16,0.76,25,36.24,144.5,CC1=CC=CC=C1C,,"1,2-Dimethylbenzene;1,2-Xylene",
246,75-65-0,t-Butyl Alcohol,15.2,5.1,14.7,96,,82.3,74.12,-1,-1,39.07,-1,CC(C)(C)O,tbuoh,2-Methyl-2-propanol;2-Methylpropan-2-ol;tert-Butanol,
247,616-47-7,1-Methylimidazole,19.7,15.6,11.2,82.394,,198,82.1,-1,-1,-1,-1,CN1C=CN=C1,NMI,N-Methylimidazole;1-Methyl-1H-imidazole,
248,108-20-3,Isopropyl Ether,15.1,3.2,3.2,140.9,89;243,68.5,102.17,0.27,-6,32.51,-1,CC(C)OC(C)C,,2-Isopropoxypropane,
249,1634-04-4,Methyl-t-Butyl Ether,14.8,4.3,5,119.1,243,55.1,88.15,0.34,25,19.26,55,CC(C)(C)OC,MTBE,2-Methoxy-2-methylpropane,
